file_url,name,title,total
https://v3-default.ixigua.com/63ee72b4da4e85a8037b0969f62b4e19/62749dbb/video/tos/cn/tos-cn-v-6f4170/974e5e1ea5374e9f806dc1aecceba95c/?filename=1.mp4,古驰家族,电影,515
https://v3-default.ixigua.com/eaad148f38788ffa3fbd1711edbd1d0e/6274a2b9/video/tos/cn/tos-cn-v-6f4170/20cbdebb68c448f0a1fbfef723a60246/?filename=1.mp4,驾驶我的车,电影,515
https://v26-default.ixigua.com/0a007dc0cf043e754ed9d9749d10cb56/62749d5d/video/tos/cn/tos-cn-v-6f4170/aa79d9ff48ce47708e5df77968b34267/?filename=1.mp4,永恒族,电影,515
https://v9-default.ixigua.com/5bf4a00af7e0d72e7491b6c9c7c42efd/62749586/video/tos/cn/tos-cn-v-6f4170/8913a826ff1d418fabc87a07d08e0c10/?filename=1.mp4,暗处的女儿,电影,515
https://v6-default.ixigua.com/ce0681a6f0602557a071b631fef2ed60/62749d5a/video/tos/cn/tos-cn-v-6f4170/a49251d717d74104a2baeaa44c91aefc/?filename=1.mp4,沙丘,电影,515
https://v3-default.ixigua.com/d48bf73c98520394c146bd5796d66f83/6274974b/video/tos/cn/tos-cn-v-6f4170/e3e639da85964fcc82d53b84937ac105/?filename=1.mp4,上帝之手,电影,515
https://v3-default.ixigua.com/5c31dc04aa1ff363d8152804714f25e8/62749a8a/video/tos/cn/tos-cn-v-6f4170/c9cb21833d774b9584f2ed74f7d7926c/?filename=1.mp4,不要抬头,电影,515
https://v6-default.ixigua.com/a8de58fe9a48b22534c81f03fbc1f54f/627491e1/video/tos/cn/tos-cn-v-6f4170/601d3be59c2e48a0a64c33f6b0b16c72/?filename=1.mp4,世界奇妙物语系列 (更新至 2021夏季特别篇),电影,515
https://v9-default.ixigua.com/d01caebf2f9539735f8750748e408d67/6274923f/video/tos/cn/tos-cn-v-6f4170/5cacd9453b9b44239327fc2993810911/?filename=1.mp4,法兰西特派,电影,515
https://v6-default.ixigua.com/eebf63627315dfadf1ae8e6c14f80d47/62749802/video/tos/cn/tos-cn-v-6f4170/a2e70acb186f4eb4a57d9507914e2cbf/?filename=1.mp4,里卡多一家,电影,515
https://v3-default.ixigua.com/eecca98b8e3010c69a3caec2cb87fd27/6274934f/video/tos/cn/tos-cn-v-6f4170/20741f02a31b48e4883e49aecdbb3bd2/?filename=1.mp4,天鹅挽歌,电影,515
https://v6-default.ixigua.com/47c02f6937756c6496d2b5e89e791c5e/6274901e/video/tos/cn/tos-cn-v-6f4170/d6db5251c6aa433887ee719d9e7b311a/?filename=1.mp4,贝尔法斯特,电影,515
https://v26-default.ixigua.com/199406f52bc91ca7e66ee6cfa9c33ddd/627496a3/video/tos/cn/tos-cn-v-6f4170/4f7b9cb09bc843bd8dd2f1984362a658/?filename=1.mp4,角色,电影,515
https://v26-default.ixigua.com/0452ea277a962f13fe025145edd94c6a/62749609/video/tos/cn/tos-cn-v-6f4170/f124c25024064457a1942ea9aa94da21/?filename=1.mp4,浅草小子,电影,515
https://v9-default.ixigua.com/43c1222d27fba3356c81ece673a6563c/62749d3c/video/tos/cn/tos-cn-v-6f4170/daf9677bdc394d86b30e656e73d3234f/?filename=1.mp4,最后的决斗,电影,515
https://v9-default.ixigua.com/8e108407747ec60631d946dc64bb57dd/62749359/video/tos/cn/tos-cn-v-6f4170/40dfe28dfb1f4314a4db1bfb0cb577e6/?filename=1.mp4,内特拉姆,电影,515
